,Stock,Coefficient
0,AARTIIND.NS,8.273916119199576
1,ABBOTINDIA.NS,73.15173757634965
2,ACC.NS,14.491555933140134
3,ADANIENT.NS,7.38560648065314
4,ADANIPORTS.NS,4.918398832735935
5,ABFRL.NS,1.7600431426739027
6,APLLTD.NS,48.68441227862357
7,ALKEM.NS,6.294101988241946
8,AMARAJABAT.NS,15.25517123170756
9,AMBUJACEM.NS,13.599730060107264
10,APOLLOHOSP.NS,53.046574896442934
